Schlüssel,Name,Bezirk,PP Fläche in %,Grünanlagenflächen in %,Spielplatzflächen in %
01011303,Alexanderplatzviertel,Mitte,2.8,9.0,0.4
04030620,Alt-Lietzow,Charlottenburg-Wilmersdorf,3.7,7.2,0.4
04030725,Amtsgerichtsplatz,Charlottenburg-Wilmersdorf,5.9,0.4,0.6
02040701,Andreasviertel,Friedrichshain-Kreuzberg,2.7,4.8,1.7
03061434,Anton-Saefkow-Park,Pankow,3.6,11.8,2.3
01011402,Arkonaplatz,Mitte,5.0,7.5,1.8
02010101,Askanischer Platz,Friedrichshain-Kreuzberg,2.3,10.0,2.9
04051655,Babelsberger Straße,Charlottenburg-Wilmersdorf,4.4,10.6,1.7
07010103,Barbarossaplatz,Tempelhof-Schöneberg,5.2,10.0,2.5
02040501,Barnimkiez,Friedrichshain-Kreuzberg,1.3,48.7,3.8
07020201,Bayerischer Platz,Tempelhof-Schöneberg,5.3,1.2,1.5
01022102,Beusselkiez,Mitte,4.1,0.0,3.0
03071639,Bötzowstraße,Pankow,6.0,6.2,2.2
08010302,Bouchéstraße,Neukölln,5.5,0.0,0.0
02050802,Boxhagener Platz,Friedrichshain-Kreuzberg,4.8,1.9,1.4
04051551,Brabanter Platz,Charlottenburg-Wilmersdorf,3.3,0.9,0.3
04030931,Breitscheidplatz,Charlottenburg-Wilmersdorf,3.4,0.0,0.0
01033201,Brunnenstraße,Mitte,3.6,0.0,1.0
02020205,Chamissokiez,Friedrichshain-Kreuzberg,3.0,0.3,0.7
01011301,Charitéviertel,Mitte,1.6,4.7,0.5
03061435,Conrad-Blenkle-Straße,Pankow,2.2,1.4,0.7
07010104,Dennewitzplatz,Tempelhof-Schöneberg,3.5,8.7,1.5
08010303,Donaustraße,Neukölln,4.0,0.0,1.4
04030726,Droysenstraße,Charlottenburg-Wilmersdorf,5.5,2.5,1.7
04051445,Eisenzahnstraße,Charlottenburg-Wilmersdorf,3.9,0.1,0.2
01022106,Elberfelder Straße,Mitte,4.7,4.6,0.8
03061441,Eldenaer Straße,Pankow,2.8,10.5,0.9
09010101,Elsenstraße,Treptow-Köpenick,4.3,10.0,0.7
01022104,Emdener Straße,Mitte,4.8,2.1,2.3
04030623,Ernst-Reuter-Platz,Charlottenburg-Wilmersdorf,2.8,1.7,0.3
03061131,Falkplatz,Pankow,4.1,20.7,1.5
08010211,Flughafenstraße,Neukölln,5.7,0.3,1.1
02040502,Friedenstraße,Friedrichshain-Kreuzberg,3.4,4.3,0.5
04030930,George-Grosz-Platz,Charlottenburg-Wilmersdorf,4.6,0.0,0.7
08010407,Gewerbegebiet Ederstraße,Neukölln,2.0,0.0,0.0
02020201,Gleisdreieck/Entwicklungsgebiet,Friedrichshain-Kreuzberg,0.4,37.6,0.4
02020206,Graefekiez,Friedrichshain-Kreuzberg,3.8,3.5,1.0
01011102,Großer Tiergarten,Mitte,0.6,72.0,0.4
04031032,Halensee,Charlottenburg-Wilmersdorf,3.4,1.1,0.9
01022207,Hansaviertel,Mitte,3.1,11.4,0.3
08010115,Hasenheide,Neukölln,0.2,32.9,1.5
02050601,Hausburgviertel,Friedrichshain-Kreuzberg,7.2,0.3,0.8
01022202,Heidestraße,Mitte,0.3,5.7,1.0
01011306,Heine-Viertel Ost,Mitte,2.9,7.8,0.4
01011305,Heine-Viertel West,Mitte,2.6,11.6,1.4
03061332,Helmholtzplatz,Pankow,5.6,2.5,2.1
08010405,Hertzbergplatz,Neukölln,4.8,5.1,4.6
04051656,Hildegardstraße,Charlottenburg-Wilmersdorf,4.2,0.0,0.0
04030929,Hindemithplatz,Charlottenburg-Wilmersdorf,5.7,0.0,1.2
01033203,Humboldthain Nordwest,Mitte,1.2,8.0,1.1
01033202,Humboldthain Süd,Mitte,2.9,25.9,1.1
01022101,Huttenkiez,Mitte,2.4,1.8,1.2
01011401,Invalidenstraße,Mitte,2.9,5.1,2.4
07020203,Kaiser-Wilhelm-Platz,Tempelhof-Schöneberg,4.4,3.1,3.1
04030519,Kaiserin-Augusta-Allee,Charlottenburg-Wilmersdorf,1.8,4.4,0.4
04030827,Karl-August-Platz,Charlottenburg-Wilmersdorf,3.7,2.2,1.0
01011304,Karl-Marx-Allee,Mitte,5.7,4.8,3.3
04030416,Klausenerplatz,Charlottenburg-Wilmersdorf,3.3,2.8,1.1
03071537,Kollwitzplatz,Pankow,5.6,2.6,1.9
08010213,Körnerpark,Neukölln,4.6,9.5,1.7
01011104,Körnerstraße,Mitte,2.6,5.8,2.3
02030302,Lausitzer Platz,Friedrichshain-Kreuzberg,3.3,2.0,1.2
01011204,Leipziger Straße,Mitte,4.4,2.3,0.7
04051550,Leon-Jessel-Platz,Charlottenburg-Wilmersdorf,3.9,0.4,2.3
04030724,Lietzensee,Charlottenburg-Wilmersdorf,2.8,15.9,1.4
01022203,Lübecker Straße,Mitte,2.5,0.0,0.3
04051447,Ludwigkirchplatz,Charlottenburg-Wilmersdorf,4.3,1.0,0.9
01022206,Lüneburger Straße,Mitte,1.8,13.6,0.0
01011103,Lützowstraße,Mitte,2.7,3.8,1.2
02010102,Mehringplatz,Friedrichshain-Kreuzberg,1.7,4.0,1.2
02010103,Moritzplatz,Friedrichshain-Kreuzberg,3.3,4.9,0.6
07040401,Neu-Tempelhof,Tempelhof-Schöneberg,1.2,49.5,0.4
04051652,Nikolsburger Platz,Charlottenburg-Wilmersdorf,5.8,1.0,1.9
07010102,Nollendorfplatz,Tempelhof-Schöneberg,4.1,0.6,1.8
01011105,Nördlicher Landwehrkanal,Mitte,2.0,5.5,0.1
01011302,Oranienburger Straße,Mitte,3.0,5.8,1.3
02030301,Oranienplatz,Friedrichshain-Kreuzberg,4.0,14.9,2.4
04051653,Prager Platz,Charlottenburg-Wilmersdorf,4.6,0.6,0.9
04051446,Preußenpark,Charlottenburg-Wilmersdorf,6.2,9.5,0.8
04051549,Rathaus Wilmersdorf,Charlottenburg-Wilmersdorf,2.5,7.7,0.8
02020202,Rathaus Yorckstraße,Friedrichshain-Kreuzberg,2.9,0.9,0.4
02030401,Reichenberger Straße,Friedrichshain-Kreuzberg,2.8,15.3,2.4
08010301,Reuterkiez,Neukölln,5.5,1.8,1.6
02040503,Richard-Sorge-Viertel,Friedrichshain-Kreuzberg,4.7,8.8,1.2
04030622,Richard-Wagner-Straße,Charlottenburg-Wilmersdorf,4.6,1.2,1.0
08010404,Rixdorf,Neukölln,4.5,1.3,2.1
08010212,Rollberg,Neukölln,4.1,7.2,3.8
02050602,Samariterviertel,Friedrichshain-Kreuzberg,4.5,3.5,2.3
04030828,Savignyplatz,Charlottenburg-Wilmersdorf,4.7,1.8,0.9
04051448,Schaperstraße,Charlottenburg-Wilmersdorf,5.5,1.6,0.8
08010117,Schillerpromenade,Neukölln,6.7,2.0,2.2
04030415,Schloßgarten,Charlottenburg-Wilmersdorf,0.6,43.7,0.0
04030417,Schloßstraße,Charlottenburg-Wilmersdorf,5.3,4.0,0.8
07020204,Schöneberger Insel,Tempelhof-Schöneberg,1.7,5.0,1.4
08010118,Silbersteinstraße,Neukölln,2.2,9.0,0.6
04030621,Spreestadt,Charlottenburg-Wilmersdorf,2.5,4.0,0.4
01022201,Stephankiez,Mitte,4.5,12.1,1.0
02050803,Stralauer Kiez,Friedrichshain-Kreuzberg,2.2,1.2,0.3
01011101,Stülerstraße,Mitte,3.6,0.0,0.0
04030518,Tegeler Weg,Charlottenburg-Wilmersdorf,5.0,3.0,0.7
03071536,Teutoburger Platz,Pankow,3.4,1.0,2.1
03071633,Thälmannpark,Pankow,3.5,30.3,2.1
01022204,Thomasiusstraße,Mitte,3.5,9.8,2.6
02050801,Traveplatz,Friedrichshain-Kreuzberg,4.9,1.9,1.1
08010406,Treptower Straße Nord,Neukölln,3.3,0.1,3.1
01011202,Unter den Linden Nord,Mitte,2.6,5.1,0.0
01011203,Unter den Linden Süd,Mitte,3.2,0.9,0.0
02020204,Urbanstraße,Friedrichshain-Kreuzberg,3.7,4.9,0.5
02020203,Viktoriapark,Friedrichshain-Kreuzberg,3.3,16.8,1.7
07020202,Volkspark (Rudolf-Wilde-Park),Tempelhof-Schöneberg,4.6,10.1,0.0
02010104,Wassertorplatz,Friedrichshain-Kreuzberg,3.1,16.7,0.8
02040702,Weberwiese,Friedrichshain-Kreuzberg,4.1,3.8,2.6
01022103,Westhafen,Mitte,0.7,1.5,0.1
04051654,Wilhelmsaue,Charlottenburg-Wilmersdorf,3.2,19.6,3.2
01011201,Wilhelmstraße,Mitte,3.9,0.0,0.0
03071638,Winsstraße,Pankow,5.1,3.4,2.6
08010116,Wissmannstraße,Neukölln,2.8,9.2,1.7
07010101,Wittenbergplatz/Viktoria-Luise-Platz,Tempelhof-Schöneberg,3.5,1.1,0.3
02030402,Wrangelkiez,Friedrichshain-Kreuzberg,3.6,2.0,3.1
02040703,Wriezener Bahnhof/Entwicklungsgebiet,Friedrichshain-Kreuzberg,1.5,7.1,0.1
01022205,Zillesiedlung,Mitte,3.5,1.9,0.0
01022105,Zwinglistraße,Mitte,2.6,6.5,6.1